# name	size	ref	mode
pt_sassi_calm	1024x1024	design/ref/ref_sassi.png	same
pt_sassi_sad	1024x1024	design/ref/ref_sassi.png	same
pt_yeonsu_calm	1024x1024	design/ref/ref_yeonsu.png	same
pt_yeonsu_angry	1024x1024	design/ref/ref_yeonsu.png	same
pt_yeonsu_regret	1024x1024	design/ref/ref_yeonsu.png	same
pt_gyo_smile	1024x1024	design/ref/ref_gyo.png	same
pt_gyo_scheme	1024x1024	design/ref/ref_gyo.png	same
pt_dong_polite	1024x1024	design/ref/ref_dongcheong.png	same
pt_dong_scheme	1024x1024	design/ref/ref_dongcheong.png	same
pt_naengjin	1024x1024	design/style-samples/style_a_minhwa.png	style
pt_napmae	1024x1024	design/style-samples/style_a_minhwa.png	style
pt_seolmae	1024x1024	design/style-samples/style_a_minhwa.png	style
pt_chunbang	1024x1024	design/style-samples/style_a_minhwa.png	style
pt_dubuin	1024x1024	design/style-samples/style_a_minhwa.png	style
pt_yusosa	1024x1024	design/style-samples/style_a_minhwa.png	style
pt_isipnang	1024x1024	design/style-samples/style_a_minhwa.png	style
pt_ina	1024x1024	design/style-samples/style_a_minhwa.png	style
pt_jangju	1024x1024	design/style-samples/style_a_minhwa.png	style
pt_nun	1024x1024	design/style-samples/style_a_minhwa.png	style
pt_imssi	1024x1024	design/style-samples/style_a_minhwa.png	style
pt_eomsung	1024x1024	design/style-samples/style_a_minhwa.png	style
pt_consorts	1024x1024	design/style-samples/style_a_minhwa.png	style
pt_oldwoman	1024x1024	design/style-samples/style_a_minhwa.png	style
pt_owner	1024x1024	design/style-samples/style_a_minhwa.png	style
sc_bookshop	1536x1024	design/ref/ref_cast_nobadge.png	scene
sc_gwaneum	1536x1024	design/ref/ref_cast_nobadge.png	scene
sc_wedding	1536x1024	design/ref/ref_cast_nobadge.png	scene
sc_pavilion	1536x1024	design/ref/ref_cast_nobadge.png	scene
sc_curse	1536x1024	design/ref/ref_cast_nobadge.png	scene
sc_tavern	1536x1024	design/ref/ref_cast_nobadge.png	scene
sc_expulsion	1536x1024	design/ref/ref_cast_nobadge.png	scene
sc_gravehut	1536x1024	design/ref/ref_cast_nobadge.png	scene
sc_boat	1536x1024	design/ref/ref_cast_nobadge.png	scene
sc_dream_shrine	1536x1024	design/ref/ref_cast_nobadge.png	scene
sc_nun_boat	1536x1024	design/ref/ref_cast_nobadge.png	scene
sc_exile	1536x1024	design/ref/ref_cast_nobadge.png	scene
sc_confession	1536x1024	design/ref/ref_cast_nobadge.png	scene
sc_rescue	1536x1024	design/ref/ref_cast_nobadge.png	scene
sc_judgment	1536x1024	design/ref/ref_cast_nobadge.png	scene
sc_reunion	1536x1024	design/ref/ref_cast_nobadge.png	scene
map_south	1024x1536	design/style-samples/style_a_minhwa.png	style
title_art	1024x1536	design/ref/ref_cast_nobadge.png	scene
paper	1024x1024		
